Geo Point;Geo Shape;nr;gebiet;realisiert
47.42283125565918,9.37337852509716;"{""coordinates"": [[[9.371962588696558, 47.42229447536967], [9.371916938598739, 47.422424550652394], [9.371875695857682, 47.42252925306568], [9.371875162654035, 47.422529172017136], [9.371787392262593, 47.42275513839794], [9.371786427081798, 47.42275776362665], [9.371836366042524, 47.42284394566133], [9.372612843087895, 47.423189082074664], [9.372604551974925, 47.423198046725595], [9.372692033715195, 47.42324915122826], [9.37291233495438, 47.42342648955218], [9.372912851831332, 47.423426121027354], [9.372914253218635, 47.42342674534407], [9.372915767962521, 47.42342720582033], [9.37291738281438, 47.423427502678], [9.372919043799268, 47.423427609829766], [9.372920711497931, 47.42342753693233], [9.372922346164257, 47.42342728465097], [9.372923895130393, 47.42342686286407], [9.372925318650285, 47.423426272236874], [9.372925861666939, 47.42342662302163], [9.372927538249252, 47.42342533540205], [9.373008959046812, 47.42350334270385], [9.373009346704613, 47.42350306630996], [9.373072491885347, 47.423552400649115], [9.373108470144016, 47.4235764587472], [9.373191914744439, 47.42361894851109], [9.373392230662843, 47.42371065569293], [9.373536419336855, 47.42377578094125], [9.373539941172607, 47.42377711648607], [9.373543726850777, 47.423778051752414], [9.373547683303158, 47.42377857930151], [9.373551716481023, 47.42377866472066], [9.373555707145396, 47.42377831000632], [9.373708232422793, 47.42374965634532], [9.373708377985494, 47.423750013781586], [9.373911408496525, 47.423711067479836], [9.37391249781781, 47.42371185895372], [9.373947571682859, 47.42368805974699], [9.373946482361541, 47.42368726827338], [9.374010991264957, 47.423535634806065], [9.374009780981208, 47.42353151652708], [9.374061122297627, 47.42337322994687], [9.37417963735886, 47.42310053902397], [9.374284169053945, 47.4228611185674], [9.37435528459314, 47.42280116899339], [9.37444006290098, 47.422612785449424], [9.374435400602612, 47.422611801919544], [9.374474782446933, 47.422519491352794], [9.374516982787705, 47.42242777232911], [9.374510435146322, 47.42242634355223], [9.37458420111071, 47.42225340298982], [9.374567123239466, 47.42224528602718], [9.374396263688833, 47.42216407263509], [9.373830442454205, 47.42188301401739], [9.37371155431125, 47.42197512625976], [9.373676530254317, 47.421997350142966], [9.37345349243876, 47.42213887128447], [9.373422524370445, 47.42215853505209], [9.373412456235089, 47.42216492043539], [9.373318439218252, 47.42219913500363], [9.373310281472301, 47.42219534895127], [9.373179776626053, 47.42231037211946], [9.373090925755966, 47.42240285353771], [9.372986646014816, 47.42261941667923], [9.37295134922733, 47.4226651626363], [9.372819916314267, 47.42277768176704], [9.372705527452446, 47.422714621039], [9.372679170349112, 47.422700307327155], [9.372658380753245, 47.42268890537944], [9.37263213485547, 47.42267546248964], [9.37254875813142, 47.42262894961673], [9.37254309166823, 47.422626597301864], [9.37253340681658, 47.42262128029691], [9.372516486052877, 47.42261200881059], [9.372507481306704, 47.422606437507774], [9.372502273825555, 47.422603582683955], [9.372474324113364, 47.42258848586212], [9.372468523250154, 47.42258535306751], [9.372463746728677, 47.42258304883451], [9.372459569981617, 47.42258083353003], [9.372454374848509, 47.42257649401872], [9.37245153307929, 47.42257125142982], [9.372451359659067, 47.42256574826516], [9.372453794042684, 47.4225605073546], [9.37198408929847, 47.422306117455584], [9.371962588696558, 47.42229447536967]]], ""type"": ""Polygon""}";2b;Bleicheli - Erweiterung;2012-04-25
47.42115683400792,9.370368424282155;"{""coordinates"": [[[9.37063023917744, 47.42092163563041], [9.370637124576428, 47.42092142155118], [9.370643549564944, 47.42092313149605], [9.370532972892324, 47.42087872737886], [9.37053860847372, 47.420881332216936], [9.370542106750994, 47.420885313314855], [9.370542779052142, 47.42088995794051], [9.370540446199096, 47.42089434691293], [9.370504913372008, 47.42093507584145], [9.370424065450015, 47.4210289778754], [9.370357655672947, 47.42110504967562], [9.370334294139356, 47.421133060483726], [9.37029728927468, 47.421175973187765], [9.370232089410859, 47.42125251950796], [9.370144731202073, 47.42135407848693], [9.370108557868393, 47.42139543876469], [9.370190319984587, 47.4214278912888], [9.370225595793034, 47.42138700482592], [9.370311767178567, 47.42128671618431], [9.370379515245183, 47.42120769807583], [9.370415933820205, 47.42116543392155], [9.370435400709724, 47.42114297627476], [9.370466417630944, 47.421105651697026], [9.370497606276334, 47.42106794637168], [9.370585502728737, 47.4209666390076], [9.370620230911147, 47.42092675121581], [9.370624501797788, 47.42092353091893], [9.37063023917744, 47.42092163563041]]], ""type"": ""Polygon""}";6;Gäbrisstrasse;2003-12-31
47.40217271583389,9.336020522503736;"{""coordinates"": [[[9.336991114278414, 47.403031167748566], [9.337043592281198, 47.403029738577665], [9.337150038271552, 47.403030760288345], [9.337198753929213, 47.403032334831174], [9.337185008462809, 47.40302925890636], [9.337173057372393, 47.40302373335152], [9.337163694221665, 47.40301608700396], [9.337157843307756, 47.40300697043734], [9.337031275395125, 47.40274818822889], [9.337842825272515, 47.402583009956025], [9.337833925759048, 47.402409095131546], [9.33878781256949, 47.40238640859112], [9.338827550277264, 47.402385467957814], [9.338817139575255, 47.40227902705661], [9.338816623133347, 47.402127898209244], [9.338828016431581, 47.402064319304806], [9.338831473587824, 47.40205499572741], [9.338832756186168, 47.402050355010935], [9.338833430723545, 47.4020456555624], [9.338833491939154, 47.40204093403446], [9.33883293935571, 47.40203622725209], [9.33883177728318, 47.402031571925214], [9.338830014785136, 47.402027004362346], [9.3388276656081, 47.402022560187625], [9.338824748074284, 47.402018274062684], [9.338821284938712, 47.40201417941661], [9.338817303211712, 47.40201030818498], [9.338812833948309, 47.402006690560874], [9.338807912005938, 47.402003354759415], [9.33880582642302, 47.40200210464833], [9.338803676882124, 47.40200090551634], [9.3388014660851, 47.401999758870645], [9.33879919681076, 47.401998666152586], [9.338796871911446, 47.401997628735515], [9.338794494309393, 47.40199664792349], [9.338794323518337, 47.40199657785871], [9.338764259476415, 47.401983740003224], [9.338763902428223, 47.40198357493683], [9.338735302335401, 47.40196931668987], [9.3387351174027, 47.40196922166648], [9.338478702638577, 47.40183141177814], [9.338478555590424, 47.4018313386233], [9.338475017933755, 47.40182947794572], [9.338471427825827, 47.401827664169254], [9.338467786615363, 47.401825897975236], [9.338464095670274, 47.40182418002729], [9.338460356377169, 47.40182251097073], [9.338456570140794, 47.40182089143262], [9.33845608318974, 47.401820688015974], [9.338452237160153, 47.401819121726554], [9.338448347043418, 47.40181760645629], [9.33844441430756, 47.40181614277696], [9.33844044043668, 47.401814731240925], [9.338436426930414, 47.40181337238085], [9.338432375303336, 47.40181206670955], [9.338432147470316, 47.40181199488325], [9.338428040423338, 47.401810740876684], [9.338423898133213, 47.401809541495524], [9.338419722175901, 47.40180839719602], [9.338415514140168, 47.401807308413645], [9.338411275626976, 47.401806275562556], [9.338407008248886, 47.40180529903571], [9.338406674340188, 47.401805225355076], [9.338402410308717, 47.40180431668774], [9.338398121170188, 47.40180346422856], [9.338393808531798, 47.40180266829699], [9.33838947400954, 47.401801929191286], [9.338385119227617, 47.40180124718839], [9.33838074581781, 47.40180062254387], [9.338380154601657, 47.40180054229852], [9.338375770417295, 47.40179998405695], [9.338371371166724, 47.401799483424575], [9.338366958492, 47.401799040588195], [9.33836253404016, 47.40179865571309], [9.338358099462667, 47.40179832894302], [9.338353656414744, 47.401798060399884], [9.338353162540157, 47.40179803433373], [9.338348708116426, 47.40179783037828], [9.3383442487169, 47.40179768493921], [9.338339786009048, 47.401797598070914], [9.338335321661555, 47.401797569805844], [9.338330857343742, 47.40179760015464], [9.3383263947249, 47.401797689105884], [9.338325833427927, 47.401797704634006], [9.33832137286403, 47.40179785967957], [9.338316917552431, 47.40179807328105], [9.338312469160554, 47.40179834535841], [9.338308029353216, 47.40179867580996], [9.338303599792022, 47.401799064511906], [9.33829918213475, 47.40179951131884], [9.338298718797876, 47.401799561223214], [9.338294315845129, 47.40180007202341], [9.338289928270905, 47.40180064055876], [9.338285557717407, 47.40180126661644], [9.338281205820472, 47.401801949962234], [9.338276874208958, 47.401802690340304], [9.338272564504114, 47.40180348747352], [9.338272039394978, 47.40180358877564], [9.338267738479775, 47.40180445293735], [9.33826346310142, 47.401805373660856], [9.338259214873439, 47.40180635059882], [9.338254995399105, 47.40180738338253], [9.338250806270842, 47.40180847162216], [9.338246649069623, 47.40180961490704], [9.338246389319455, 47.401809688453824], [9.338242258515967, 47.40181089253987], [9.338238163025405, 47.40181215100358], [9.33823410440049, 47.40181346336774], [9.338230084179944, 47.401814829134906], [9.33822610388795, 47.40181624778719], [9.338222165033537, 47.40181771878678], [9.338221987103934, 47.40181778289093], [9.338192144929193, 47.40182776253757], [9.33816086874355, 47.401835432884646], [9.338128495795775, 47.40184070111666], [9.338095480326581, 47.40184348509027], [9.338062229885848, 47.401843768207456], [9.338062143611001, 47.401843764227934], [9.338029198952762, 47.40184154929314], [9.338029033996444, 47.40184153131279], [9.33799657416838, 47.40183682257998], [9.337996499427796, 47.40183680761462], [9.337965041807713, 47.40182969554252], [9.337965007021948, 47.401829686218], [9.337964973560595, 47.40182967687164], [9.337934883908789, 47.40182023641888], [9.33793474835412, 47.40182018826549], [9.337906463990127, 47.40180856878751], [9.337906350917272, 47.40180851936477], [9.337886871310094, 47.40179866424363], [9.337868633462778, 47.40178777206496], [9.337832509365315, 47.4017654421105], [9.337794850698971, 47.40174429796139], [9.337755752411722, 47.401724401032894], [9.337715321732361, 47.40170578554796], [9.337673613557001, 47.40168850458356], [9.337630735113555, 47.401672592362836], [9.337004531910573, 47.401453115327506], [9.336962258343814, 47.401436689102624], [9.336922217447324, 47.40141784202109], [9.336884719269944, 47.401396721935974], [9.336850047692689, 47.401373486127454], [9.336832623889723, 47.40136014227952], [9.33681613534563, 47.4013462702433], [9.33680112155076, 47.40133510900019], [9.33678356453226, 47.40132583388896], [9.33676395034355, 47.40131869782906], [9.33674284289457, 47.40131390747703], [9.336603905545811, 47.4012912331692], [9.335927296276994, 47.401559107547556], [9.335591431363238, 47.40163494229802], [9.335268172099893, 47.40170793303025], [9.334959029109182, 47.40160281544784], [9.33475628705834, 47.40164859929288], [9.334659696731197, 47.40145202123878], [9.333837789188458, 47.40163758104242], [9.33344778684895, 47.40172561562617], [9.333215106968641, 47.40204174654171], [9.33313352002502, 47.40206114113031], [9.333171551136605, 47.402130791357386], [9.333369165103923, 47.40231805736572], [9.333681522640447, 47.402369748501734], [9.334200067562632, 47.40245557232021], [9.334939029224817, 47.40270712251943], [9.335589241184035, 47.402928213818065], [9.336144376465766, 47.40311688234552], [9.336239615545427, 47.40314924488062], [9.336323669880501, 47.40312655973822], [9.336412408916583, 47.403104814212284], [9.33651671142772, 47.403082129174], [9.33662449431805, 47.40306303056164], [9.336726767149841, 47.403049582401536], [9.33683201019878, 47.403039162250046], [9.336937510875048, 47.40303262438539], [9.336991114278414, 47.403031167748566]]], ""type"": ""Polygon""}";9;Wolfganghof;2003-12-31
47.416848543862976,9.365046020434406;"{""coordinates"": [[[9.365752033345778, 47.4172686928858], [9.365647398289488, 47.41721709563523], [9.365529711256233, 47.417153894097886], [9.36539716955509, 47.417079451177074], [9.365263809399613, 47.417002160760774], [9.365175894314806, 47.41694592085086], [9.365094146966946, 47.4168853945194], [9.365022516885986, 47.41682423162932], [9.364979234123698, 47.41678325016244], [9.364952476618717, 47.41675791399617], [9.364886491840151, 47.416689378472476], [9.3648308730987, 47.41662722970826], [9.364790722802795, 47.41658236510281], [9.364748829858012, 47.416538205194676], [9.364728682734944, 47.416519826704764], [9.36470262217584, 47.4164960515124], [9.364652625341224, 47.416459440044264], [9.364636260082106, 47.416431723662924], [9.364600832682338, 47.41641971859151], [9.364397822002413, 47.41635052466435], [9.36435586630853, 47.416407323662725], [9.364367800838163, 47.416411384767564], [9.364366663905752, 47.41641293317754], [9.36443890965832, 47.41643875562388], [9.364477613564533, 47.41645339619011], [9.364515149840148, 47.416469468707945], [9.364550255234757, 47.41648722815104], [9.364581926286643, 47.41650568360125], [9.364628881675044, 47.416539196901304], [9.364670647067818, 47.416576170505046], [9.364707748907634, 47.41661576793395], [9.364802820616395, 47.41672549204446], [9.36487050615438, 47.416796707310226], [9.364902588890047, 47.41682620212874], [9.364944066557161, 47.41686433382793], [9.365023134308167, 47.416930303036764], [9.365091443810021, 47.416979186624054], [9.365109133593974, 47.41699184714651], [9.365201362508953, 47.417049715585364], [9.365267127336304, 47.4170878677869], [9.36533599818806, 47.4171278215109], [9.36545340732129, 47.41719386367831], [9.365470505998552, 47.41720348227675], [9.365590129727142, 47.417267821166384], [9.365688370878315, 47.41731627904042], [9.36570812658257, 47.41732602423366], [9.365730432234937, 47.41735597158069], [9.36579050334809, 47.41728343589046], [9.365752033345778, 47.4172686928858]]], ""type"": ""Polygon""}";17;Tschudiwies;2018-12-04
47.42076710876426,9.356424360337067;"{""coordinates"": [[[9.356173031881859, 47.42058470563627], [9.356112107866007, 47.42063652869176], [9.356129107323973, 47.4206459127831], [9.356205253981347, 47.42068794725804], [9.356335825395416, 47.42076006711069], [9.3563870580102, 47.42078834854688], [9.356505113991444, 47.42085341549094], [9.356685374811036, 47.42095252840214], [9.35676843448275, 47.42092228802713], [9.356639879928595, 47.420852825220024], [9.35647880998304, 47.42076536849366], [9.356490351888555, 47.420753849970005], [9.356355043241097, 47.42068123310782], [9.356207540100398, 47.420602745603404], [9.356173031881859, 47.42058470563627]]], ""type"": ""Polygon""}";18;Metallstrasse;2019-04-15
47.427143010383155,9.376073320326684;"{""coordinates"": [[[9.377677072154992, 47.42770053059056], [9.377715563119311, 47.427632579438985], [9.377746734704349, 47.42756350951252], [9.377768585582674, 47.42749333640244], [9.377782512708166, 47.42743165429991], [9.377804395697268, 47.42729504795713], [9.377821302333679, 47.42718233074543], [9.377844872758683, 47.427023635808006], [9.377863465325524, 47.4268975209794], [9.377873362256572, 47.426827116556936], [9.377895591859415, 47.42668075176684], [9.37791845329525, 47.426526261207584], [9.377843149886335, 47.42652260348978], [9.37786385892613, 47.42642583682066], [9.377699139494446, 47.42641141662692], [9.377643335197014, 47.426433882346444], [9.377621723969694, 47.426527002389804], [9.377518550657484, 47.426527275823844], [9.377276105884167, 47.42651987194458], [9.377273671927655, 47.426557510579286], [9.377120797335369, 47.42655454177945], [9.377040567798518, 47.42655176688351], [9.377041634445613, 47.426537372039455], [9.377029912607261, 47.426536947858565], [9.37703033852678, 47.42653153361273], [9.376827781139223, 47.426524368469806], [9.376827381370587, 47.426529773279164], [9.376815592961073, 47.42652934119614], [9.376814269122589, 47.42654395627453], [9.376733623668128, 47.426541772935686], [9.376673316747889, 47.42653926647786], [9.376275217728695, 47.42652536577075], [9.37626941407129, 47.42652945766963], [9.376259852976295, 47.4265257493253], [9.376245924711668, 47.4265255329968], [9.376231803615017, 47.426534586644756], [9.376231461922215, 47.42654340927658], [9.376237172743641, 47.42655096984388], [9.376231732365332, 47.42655447985253], [9.376235253971032, 47.426640763484095], [9.376066631303685, 47.426643932242186], [9.376001374832855, 47.4265746528935], [9.376004243889478, 47.42657334524127], [9.375930159891547, 47.42650557235432], [9.375812852518017, 47.42658229341132], [9.375724233352397, 47.42653441312431], [9.37572761570169, 47.42653263803699], [9.375818575325427, 47.42644958408174], [9.37568643766501, 47.42640258615011], [9.37562283182768, 47.42637791224729], [9.375496613352636, 47.426324157236834], [9.375436243956432, 47.4262947866256], [9.375382401007844, 47.42626661115529], [9.37528486315791, 47.42621843915553], [9.375285757896382, 47.426217524478425], [9.375213684817828, 47.426184940072226], [9.375212664128194, 47.42618603679602], [9.375083306599503, 47.42612905909588], [9.375006340328092, 47.42610262941656], [9.375004229759732, 47.42610255681666], [9.37500229944814, 47.42610233724704], [9.375000337893583, 47.42610235211874], [9.374998411015483, 47.42610259133028], [9.374996558561886, 47.42610305421578], [9.374994872623768, 47.4261037212387], [9.37499336612336, 47.42610458318553], [9.374992103998876, 47.426105602981], [9.374990575252173, 47.42610658225946], [9.374927796603899, 47.426191358646015], [9.374880318613645, 47.426253224616474], [9.37479209819513, 47.42622209805933], [9.374878989255958, 47.426106625431025], [9.374880642130158, 47.42608063286622], [9.37457280284148, 47.42606561899476], [9.374505635239917, 47.42607421147665], [9.37438163780194, 47.42606361188126], [9.374340847710773, 47.426075721064834], [9.374310328042931, 47.42608225111882], [9.374285807066142, 47.42609697577801], [9.374269146936497, 47.426116418069924], [9.374259479546886, 47.42614258983469], [9.374239610888003, 47.42624805961818], [9.374235542334445, 47.42627689963764], [9.374225177566126, 47.42635024448626], [9.374215483271216, 47.42641359161628], [9.374200618605926, 47.42651084443632], [9.374200522079594, 47.42651183570466], [9.374191855351011, 47.426572088701796], [9.37418682877286, 47.426640935687594], [9.374183741842161, 47.426683281502164], [9.374182140722, 47.42672164382564], [9.374183687599732, 47.42678532449841], [9.374200209020305, 47.42685939763772], [9.374214042846967, 47.42691242720747], [9.374246971036612, 47.42696846581386], [9.374317112540014, 47.427055828903676], [9.374351661908412, 47.427093738700435], [9.374391992142048, 47.42713785844288], [9.374431905818577, 47.4271818232058], [9.374471610034483, 47.4272247658249], [9.374557904750224, 47.42732063911852], [9.374628900998756, 47.427353475896346], [9.374632514697737, 47.42735514275481], [9.374670002175668, 47.42737249046327], [9.374700207309914, 47.427386451386994], [9.374766319882452, 47.42743591506892], [9.374769740074226, 47.42743845785767], [9.374770816562036, 47.42743925853592], [9.374829993196956, 47.427480642260285], [9.37482549319626, 47.42748376757438], [9.374824432890696, 47.427484505084095], [9.37484634431642, 47.42749971152355], [9.374847456312308, 47.42749893716033], [9.374851891372982, 47.42749584892075], [9.374949500612386, 47.427563057401954], [9.374951091061389, 47.42756413736635], [9.375002561904457, 47.42759923536438], [9.375073521146767, 47.427647798961864], [9.375107803844866, 47.42767106616367], [9.375103426690403, 47.427674288395224], [9.375123639530644, 47.42768762491194], [9.375128559923466, 47.42768439357741], [9.375162435035445, 47.42770884617794], [9.375221850927213, 47.42774330713416], [9.375361589791323, 47.427826417496455], [9.37549486772998, 47.42790101700306], [9.375516416188715, 47.42791243273828], [9.37556873305581, 47.42794015690348], [9.375590795182033, 47.42795184291842], [9.37568707385689, 47.42800284280656], [9.375785075510304, 47.428053093991295], [9.375883323978941, 47.428099922160946], [9.375986562220682, 47.42814505617431], [9.37607002178391, 47.42817421939124], [9.376158179775084, 47.42819660114237], [9.376249768704835, 47.42820943364696], [9.376294936680152, 47.42821193325689], [9.376321120543697, 47.42821337461302], [9.37633753334711, 47.42821336035133], [9.376390178277374, 47.42821329642562], [9.376463897904069, 47.42820944233279], [9.376552038802553, 47.428201126868956], [9.376638895842053, 47.42819032274805], [9.376759348538819, 47.428173332167596], [9.37683241193594, 47.428163110085414], [9.376912471997748, 47.42815169999451], [9.376977323239384, 47.42814205638747], [9.377041330825724, 47.42813072649086], [9.377103180771485, 47.42811439451765], [9.377162281200022, 47.42809209873995], [9.377250183897425, 47.42806560412315], [9.377326571933786, 47.42801890675466], [9.377381316577589, 47.42798477211112], [9.377445469046929, 47.42794430778945], [9.377460191159308, 47.427932095024055], [9.377514152280883, 47.42788737518044], [9.377576948303789, 47.42782860697338], [9.377631274640656, 47.4277658962593], [9.377677072154992, 47.42770053059056]]], ""type"": ""Polygon""}";1d;Nördliche Altstadt;2017-06-30
47.42180139887971,9.370944822584443;"{""coordinates"": [[[9.37010855790102, 47.421395439663826], [9.370108158492295, 47.421395282597025], [9.37003637601113, 47.42147868734075], [9.370000917713194, 47.42152039550333], [9.36990860215694, 47.421628568835054], [9.369850204154107, 47.42169604938494], [9.369827040039091, 47.42172366991334], [9.369789723446704, 47.42176641670244], [9.369736740847534, 47.42182642028842], [9.369639303120033, 47.42193996011247], [9.369729185432275, 47.42197808023923], [9.37027270638334, 47.422193161682245], [9.370737524395722, 47.42237709590032], [9.371029764784119, 47.42249874108394], [9.371141491977056, 47.42254296358267], [9.371510750096547, 47.4226871162627], [9.371538259254596, 47.42269300791995], [9.3715706532726, 47.42269031585413], [9.371595473607867, 47.422679842238544], [9.371610464314704, 47.42266553843665], [9.371614816092636, 47.42265724253649], [9.371643211400174, 47.42258459493987], [9.37169576059131, 47.42245027483344], [9.371697082546698, 47.42244688790288], [9.37173036383037, 47.422361679930475], [9.371825889308893, 47.42207623166979], [9.371991619905833, 47.421631309335446], [9.371994814502898, 47.421620720586965], [9.371996053772259, 47.42160994862716], [9.371995343266967, 47.421599146309305], [9.371992663023356, 47.4215884939044], [9.371986570229067, 47.42157367007568], [9.371978702319636, 47.42155924481483], [9.371969101980147, 47.42154529837908], [9.371957839698172, 47.421531946547645], [9.371925936267548, 47.42150505790632], [9.371891723022578, 47.421479539430784], [9.371868519908467, 47.42146371528957], [9.371844463980713, 47.421448499202164], [9.371819569140422, 47.42143390892904], [9.371793876111537, 47.421419970778985], [9.371765964307393, 47.42140552992902], [9.371737833830204, 47.42139127266728], [9.371636589775429, 47.42134254792746], [9.371534385598027, 47.42129475683828], [9.371381331655808, 47.42122508111192], [9.371226412443725, 47.42115732571865], [9.371070998382834, 47.421102218959874], [9.37097071530261, 47.42105473713939], [9.37096464562448, 47.42105186067852], [9.370963433712632, 47.42105134113288], [9.370941991823713, 47.42104275680865], [9.370784457403516, 47.42097961496158], [9.370756450321315, 47.42096837834253], [9.370741653562877, 47.420962453904735], [9.370643549564944, 47.42092313149605], [9.370637124576428, 47.42092142155118], [9.37063023917744, 47.42092163563041], [9.370624501797788, 47.42092353091893], [9.370620230911147, 47.42092675121581], [9.370585502728737, 47.4209666390076], [9.370497606276334, 47.42106794637168], [9.370466417630944, 47.421105651697026], [9.370435400709724, 47.42114297627476], [9.370415933820205, 47.42116543392155], [9.370379515245183, 47.42120769807583], [9.370311767178567, 47.42128671618431], [9.370225595793034, 47.42138700482592], [9.370190319984587, 47.4214278912888], [9.37010855790102, 47.421395439663826]]], ""type"": ""Polygon""}";13;Neumarkt (Vadianplatz);2017-03-30
47.41967023217239,9.372240393215082;"{""coordinates"": [[[9.370892535340472, 47.419064997863764], [9.370827750677705, 47.41913828082816], [9.370886160182346, 47.41915996721555], [9.37092030505203, 47.41915480787185], [9.371142217137548, 47.419241686185465], [9.37131768436446, 47.41931293063228], [9.371487726305899, 47.419383329892554], [9.371521358386047, 47.41939690138998], [9.371606469858277, 47.41943075436174], [9.371680626305587, 47.419461524673615], [9.37179084223058, 47.41950736421351], [9.37196178523985, 47.41957844947268], [9.372176830870066, 47.41966669128553], [9.372493669796121, 47.41979692693408], [9.372650776715057, 47.419862934603266], [9.372908647199722, 47.419990377367405], [9.373200960051918, 47.42013466087696], [9.37335913332899, 47.420212813496754], [9.373372497414858, 47.42021943635239], [9.373458617282438, 47.42026199805418], [9.373502874033239, 47.42029760432073], [9.373522288917341, 47.42033867375304], [9.373621388805656, 47.42026241251848], [9.373556867053885, 47.420231275171545], [9.37346926342036, 47.42018800964039], [9.373436343511832, 47.42017217756024], [9.373389784938922, 47.42014982618149], [9.373300616394959, 47.42010580400065], [9.373212052646993, 47.420062005545944], [9.37317210612675, 47.420042494355044], [9.373131999028155, 47.42002294085466], [9.37304367597787, 47.41997919222599], [9.372955500759005, 47.41993549503825], [9.37291716115288, 47.41991642469963], [9.372878523588428, 47.41989717939895], [9.372790225670215, 47.41985301630598], [9.372702580779219, 47.41980931005384], [9.37265763053915, 47.41979071014632], [9.372545224352319, 47.41974372948308], [9.372465970007275, 47.419710948760674], [9.37233046420715, 47.419654979741956], [9.372105306556346, 47.4195620581018], [9.371795611785355, 47.41943429299475], [9.371655261504886, 47.41937628998708], [9.371608587049543, 47.41935727767787], [9.371574154097196, 47.41934318878799], [9.371365652096287, 47.419258039315395], [9.371361751518865, 47.41925648512161], [9.371269287524475, 47.41921872435564], [9.371143739527579, 47.41916750871237], [9.371017398739669, 47.419115991303734], [9.370892535340472, 47.419064997863764]]], ""type"": ""Polygon""}";5a;Felsenstrasse;2003-12-31
47.42203974401261,9.37277807622273;"{""coordinates"": [[[9.371962588696558, 47.42229447536967], [9.37198408929847, 47.422306117455584], [9.372453794042684, 47.4225605073546], [9.372451359985728, 47.42256575725648], [9.37245153307929, 47.42257125142982], [9.372454374848509, 47.42257649401872], [9.372459569981617, 47.42258083353003], [9.372463746728677, 47.42258304883451], [9.372468523250154, 47.42258535306751], [9.372474324113364, 47.42258848586212], [9.372502273825555, 47.422603582683955], [9.372507481306704, 47.422606437507774], [9.372516486052877, 47.42261200881059], [9.37253340681658, 47.42262128029691], [9.37254309166823, 47.422626597301864], [9.37254875813142, 47.42262894961673], [9.37263213485547, 47.42267546248964], [9.372658380753245, 47.42268890537944], [9.372679170349112, 47.422700307327155], [9.372705527452446, 47.422714621039], [9.372819916314267, 47.42277768176704], [9.37295134922733, 47.4226651626363], [9.372986646014816, 47.42261941667923], [9.373090925755966, 47.42240285353771], [9.373179776626053, 47.42231037211946], [9.373310281472301, 47.42219534895127], [9.373318439218252, 47.42219913500363], [9.373412456235089, 47.42216492043539], [9.373422524370445, 47.42215853505209], [9.37345349243876, 47.42213887128447], [9.373676530254317, 47.421997350142966], [9.37371155431125, 47.42197512625976], [9.373830442454205, 47.42188301401739], [9.373708002955533, 47.421814717973525], [9.373694282879201, 47.42180706647641], [9.373377728743424, 47.42166064386261], [9.37332829289646, 47.42164268609676], [9.373278223103114, 47.42162552164893], [9.373206999275432, 47.42160260245524], [9.373134668158736, 47.42158131218988], [9.37309869509402, 47.421571585994926], [9.373062620631423, 47.4215619874422], [9.373020577331744, 47.4215515621159], [9.372978235369672, 47.421541672587786], [9.372946668006744, 47.421534625635324], [9.37291495212927, 47.42152786905922], [9.372878000640394, 47.42152039938811], [9.372840878716381, 47.421513346412894], [9.372813699857264, 47.42150887104445], [9.372786378033283, 47.42150483890785], [9.372764865568973, 47.421501987086735], [9.372743256922567, 47.42149940677679], [9.372710215304352, 47.42149592919142], [9.37267703888758, 47.42149311961925], [9.372637178999488, 47.421490610824335], [9.372597234509534, 47.421489057097055], [9.372597584913226, 47.42148775568729], [9.372590632082268, 47.421487575149555], [9.372418646137683, 47.42148576590707], [9.3724186298052, 47.421485316338206], [9.372277516032392, 47.421483826978225], [9.372188635647476, 47.4217141758387], [9.372159903584564, 47.42178773792536], [9.372106429649396, 47.421925015741046], [9.372008020918207, 47.42217738614625], [9.371962588696558, 47.42229447536967]]], ""type"": ""Polygon""}";2a;Bleicheli;2005-11-03
47.42154495304855,9.37486917813067;"{""coordinates"": [[[9.375318427460703, 47.421647632369755], [9.375366594674604, 47.42163871896665], [9.37550774461437, 47.42164264210305], [9.375627274697186, 47.42159668902716], [9.37572547304861, 47.42160094496036], [9.375823688617315, 47.4216074947193], [9.375966940340996, 47.42161890343069], [9.37597228278227, 47.4215628174497], [9.37607234214696, 47.4213392235419], [9.375994645335547, 47.421324232840256], [9.375937577952627, 47.42131478019225], [9.375850245104335, 47.42130164234484], [9.375721282535705, 47.42128289546337], [9.375637026314582, 47.42127124434639], [9.37551176128518, 47.42125574609799], [9.375447412847034, 47.42124947417579], [9.375220114710165, 47.42123250976876], [9.374242246042513, 47.42116034592854], [9.374192298679073, 47.421235496502504], [9.374039274463707, 47.42118897263625], [9.373797412016161, 47.42123992365965], [9.373701261498155, 47.42129708028364], [9.373622532727973, 47.421360161931034], [9.373932620605725, 47.42152893236878], [9.373870539398196, 47.42159049381778], [9.373919656338721, 47.42161972974515], [9.37399223767493, 47.421562940686655], [9.374785254920877, 47.42180495156977], [9.374593252194146, 47.42205941426862], [9.375130335006064, 47.422241202739805], [9.375322821857285, 47.421911598316996], [9.375156761362538, 47.421844241734135], [9.375252167716138, 47.421751342883994], [9.375253407444795, 47.421720561873826], [9.37526306241573, 47.421691169302306], [9.375285188867185, 47.42166607514821], [9.375318427460703, 47.421647632369755]]], ""type"": ""Polygon""}";7;Wassergasse - Einstein;2009-09-21
47.41739674828894,9.364164058707637;"{""coordinates"": [[[9.364915435493444, 47.41787975306206], [9.364923352754388, 47.417871433962546], [9.364933470680477, 47.41787594364892], [9.364963405458138, 47.41784602498148], [9.364998112253035, 47.41781134839891], [9.365110793063625, 47.417698466929], [9.365162459356723, 47.41764308473128], [9.365223811494488, 47.417583573413886], [9.365119448015099, 47.417531791223965], [9.3650145185011, 47.41747937960331], [9.364910659148952, 47.41742759782236], [9.364807882222994, 47.41737641868886], [9.364598041453172, 47.41727169346489], [9.364492622348807, 47.41722000928989], [9.364386680482609, 47.417168891537095], [9.364279465732755, 47.41711885652831], [9.36421879978961, 47.417091815366945], [9.364157771944198, 47.41706576085991], [9.36412401106829, 47.41705219840738], [9.364073559799202, 47.41703197749949], [9.364022734244651, 47.417012401581765], [9.363971514326972, 47.41699328205479], [9.363900442008033, 47.41696803355187], [9.363827605956487, 47.4169442268943], [9.363702447039314, 47.41690781463665], [9.363594262798792, 47.416878955709066], [9.363576189595, 47.41687070979607], [9.363560786716938, 47.41686629703124], [9.363538474940588, 47.41686227735802], [9.363480334652952, 47.41685180279657], [9.363400869653049, 47.41683271267712], [9.363394794393363, 47.4168472537895], [9.363387769733206, 47.416864131898464], [9.3633813663788, 47.41687949718669], [9.363358473759508, 47.41692052619414], [9.363331081940528, 47.41695740162644], [9.363321438974635, 47.41697038272992], [9.36327851216461, 47.41701345481412], [9.363083189739438, 47.41720820639657], [9.363119744264845, 47.41722509553428], [9.364049449820229, 47.41765465416176], [9.364799032185381, 47.4180011443979], [9.364915435493444, 47.41787975306206]]], ""type"": ""Polygon""}";4;Schlosserstrasse;2015-08-05
47.4230201636535,9.369918996053677;"{""coordinates"": [[[9.372564522200642, 47.42333917796647], [9.372520504831597, 47.42332039232659], [9.37252191123881, 47.4233189292973], [9.372426552603148, 47.423278301939895], [9.372425150785894, 47.423279854859565], [9.37238085529384, 47.423261073821664], [9.372337473184855, 47.42324262026348], [9.372067840304739, 47.4231274034803], [9.37190387118769, 47.423057318110175], [9.371725619518854, 47.42298116464006], [9.371721594643779, 47.42297988243983], [9.37172006359356, 47.42298152748096], [9.37165813523037, 47.42299587058208], [9.371655595112776, 47.42299528239171], [9.37160427339997, 47.42305978445259], [9.371442548894018, 47.422993735563296], [9.371464176699199, 47.4229388188178], [9.371466296065122, 47.42293165337771], [9.371467450633379, 47.42292438621534], [9.371467632025814, 47.42291707864943], [9.37146698754329, 47.422910720567444], [9.371465606651473, 47.42290441708715], [9.371463494729134, 47.42289820680491], [9.371460665169408, 47.422892129982515], [9.371447046374305, 47.42286802671076], [9.371406792985653, 47.4228516041512], [9.371047464878323, 47.42270947041892], [9.370782968203175, 47.42260481707716], [9.370776898173677, 47.422602592881596], [9.370770565827435, 47.422600738343036], [9.37076401802351, 47.42259926617323], [9.370757305595548, 47.422598189017435], [9.370750480473589, 47.42259751320488], [9.370743594587607, 47.422597245064914], [9.370736699704384, 47.422597386430965], [9.37072985017516, 47.42259793729402], [9.37072309879782, 47.422598891373404], [9.370716448319852, 47.4226002513221], [9.370710000297395, 47.42260200284668], [9.37070380326012, 47.4226041316406], [9.370697907030008, 47.42260662247608], [9.370692355966455, 47.42260945571809], [9.370687194330818, 47.42261260903427], [9.37068246102005, 47.42261605838267], [9.37067819218347, 47.422619777068206], [9.370674422547564, 47.42262373572039], [9.370496096689653, 47.422831150183605], [9.370394490999514, 47.42295031942243], [9.37025181616348, 47.42284706614128], [9.370262753386733, 47.422834295858515], [9.370265525789849, 47.422833979613436], [9.370272091323123, 47.42283225044172], [9.37027949747799, 47.422828078073536], [9.37030137783683, 47.422802701144654], [9.37030299963212, 47.42279628628387], [9.370301769747847, 47.422791619490766], [9.370300914164341, 47.42278992439343], [9.370542478872588, 47.42250933444221], [9.369610243420315, 47.422139723770854], [9.369282373379631, 47.42200793889898], [9.36856895482863, 47.42172491768372], [9.368418613007893, 47.42166229219312], [9.36827091057929, 47.42159629451115], [9.368126266716486, 47.421527004918374], [9.367867718501063, 47.421399980377984], [9.367695497878891, 47.42131650739291], [9.367599501283287, 47.421268971831275], [9.367563839370808, 47.42125005477359], [9.367529251414817, 47.42123022819316], [9.367495817013488, 47.42120953034843], [9.367305911934755, 47.42135071313004], [9.368706624382142, 47.42246039286012], [9.368651565906822, 47.42249233617069], [9.368282127306193, 47.422706644480066], [9.36826059575401, 47.42271903276407], [9.368099036320594, 47.4228128528551], [9.368060094794105, 47.4228351871714], [9.36799895355454, 47.42284639685647], [9.367938690704474, 47.42282460317691], [9.367378464560897, 47.42238445153028], [9.36735038809392, 47.42238677526631], [9.367185084999669, 47.42253479676193], [9.367248478985685, 47.42263684244349], [9.366921005892912, 47.42306834271336], [9.367657443502656, 47.4232899257489], [9.367832066165343, 47.42333843846456], [9.367910814781604, 47.423361185855875], [9.368012474108943, 47.423389284377876], [9.368109591554163, 47.423415949875114], [9.368193990395984, 47.4234392451145], [9.368239670448581, 47.423455666340935], [9.368287201045296, 47.42346864685314], [9.36838398168542, 47.423495557962866], [9.368692525955115, 47.4235796611239], [9.368706818711257, 47.42358333514119], [9.368796937865195, 47.42361188032747], [9.368886747678555, 47.42364103159954], [9.369031894249588, 47.423691938585236], [9.369172016751053, 47.42374313714647], [9.36931062479382, 47.423795702269345], [9.369427290953977, 47.42384305578497], [9.369448561766045, 47.42385168733988], [9.369520433631202, 47.423884394676286], [9.369593969860398, 47.42391554559869], [9.369615594124976, 47.423904940495675], [9.369880779014036, 47.42377495490758], [9.3700652367314, 47.42368453192734], [9.370120315252754, 47.42365670997484], [9.370268482625697, 47.42357102182424], [9.370399335631872, 47.42367343266987], [9.370375050377248, 47.42370232168145], [9.37067547019289, 47.42381915094123], [9.37112581900886, 47.42429339343492], [9.371173562731343, 47.42432940020758], [9.37109233183531, 47.424378503822176], [9.371115690058346, 47.42439747621845], [9.37133435516803, 47.42457153939927], [9.371584390767346, 47.42455111028494], [9.371744344319369, 47.424354689838026], [9.371870386639156, 47.424199106249795], [9.372048471577397, 47.42397996909876], [9.372135586300356, 47.423872818618754], [9.372214031300679, 47.42377623055742], [9.3722599446772, 47.42370053849646], [9.372362906912262, 47.42357349875976], [9.372371371194104, 47.42357659599085], [9.372440400582459, 47.42349168935143], [9.372444433437055, 47.42349315312992], [9.372499402095153, 47.42342552984241], [9.372495505770756, 47.423424065580654], [9.372564522200642, 47.42333917796647]], [[9.370197781792836, 47.42351348751248], [9.37012495950919, 47.42355629339245], [9.3699869906551, 47.42363245331417], [9.36984760447877, 47.42370207895788], [9.369817426817706, 47.42371687921231], [9.369660606950916, 47.423788901205114], [9.369698828100752, 47.42382011942705], [9.369583482139463, 47.42387694989831], [9.369558888644574, 47.423855514716536], [9.369458583943956, 47.423811086346745], [9.369455807120465, 47.42380985699012], [9.369464559989595, 47.42380081378743], [9.369398524418681, 47.4237543058411], [9.369328308534321, 47.4237086594171], [9.369255298432101, 47.42366466286623], [9.369181433474251, 47.423621911317206], [9.36910483532117, 47.423581249458415], [9.369025699377277, 47.42354298441118], [9.368890455468415, 47.423482302509434], [9.368862429055584, 47.42346978999771], [9.368864256776641, 47.423467915120554], [9.368837333510202, 47.423465350864014], [9.368780037235792, 47.42343974019024], [9.368651134381919, 47.42337035204081], [9.368505050255195, 47.42328192458355], [9.368442640409079, 47.42322382162696], [9.368419817557086, 47.423201621602225], [9.36834922986745, 47.4231721130216], [9.368344438024756, 47.42317011386913], [9.368350696023635, 47.4231632266643], [9.368156333872358, 47.42301329379175], [9.36810190350221, 47.42297266152095], [9.368175338186907, 47.42287267455366], [9.368168978522263, 47.422867687634195], [9.368353964614768, 47.42276186405929], [9.368382164081368, 47.422745486780784], [9.368382456689236, 47.42274295378578], [9.368498898219327, 47.422675313580854], [9.368690011128665, 47.42256480053998], [9.368720418918157, 47.422547216704785], [9.368804089465959, 47.42249883870154], [9.368805288533457, 47.4224997714388], [9.368810260366724, 47.422496828305434], [9.368818668864687, 47.42250355244618], [9.368933599620648, 47.422435479074856], [9.369045602693014, 47.422524061438736], [9.36905295099549, 47.422519791150926], [9.369189206641552, 47.42262743649776], [9.369177521716079, 47.42263421738058], [9.369653322628874, 47.423011928866764], [9.369675082676347, 47.42299930348493], [9.370123037821733, 47.42335508707451], [9.370144112621487, 47.423434634807705], [9.370149167082856, 47.42345249001267], [9.370158118245445, 47.423469629618424], [9.37017076617663, 47.42348565840608], [9.370183771237821, 47.42349980178524], [9.370197781792836, 47.42351348751248]]], ""type"": ""Polygon""}";3a;Bahnhofplatz;2016-12-15
47.42306361814118,9.392078588056503;"{""coordinates"": [[[9.390735280473, 47.423348980014524], [9.39085840226911, 47.42328589227666], [9.390921609632288, 47.42326092875821], [9.39105569199908, 47.42319669297062], [9.391192344251442, 47.42313675010231], [9.391307226523512, 47.42310601895113], [9.391415565749549, 47.42308520486004], [9.391626652669222, 47.42305175277336], [9.39164243450366, 47.42304925213565], [9.391985837939357, 47.42299474797981], [9.391991575008703, 47.422994555639995], [9.392012850006772, 47.422994259557385], [9.392034122909944, 47.422994618332005], [9.392055349977756, 47.42299563122611], [9.39207648756399, 47.422997296157035], [9.392097492206405, 47.422999609701485], [9.392118320716099, 47.42300256710231], [9.392127285035578, 47.42300390918666], [9.392136220443188, 47.42300533731629], [9.392145125145868, 47.423006851204626], [9.392153997356711, 47.423008450547826], [9.39216283529533, 47.42301013502498], [9.392171637188213, 47.42301190429806], [9.392173615128801, 47.42301231459692], [9.392175591129778, 47.42301272917802], [9.39217756517101, 47.423013148037164], [9.39217953723239, 47.42301357117009], [9.392181507293834, 47.42301399857242], [9.392183475335266, 47.42301443023987], [9.392192431827006, 47.42301635171915], [9.392353920175605, 47.42305100021587], [9.392517244718585, 47.423086079885195], [9.392553896714924, 47.42309387498731], [9.392673315110175, 47.42311927387836], [9.392736566387981, 47.42313272715354], [9.392759419566113, 47.42313711177861], [9.392782309713176, 47.423141406669096], [9.392805236064163, 47.4231456116816], [9.39282819785283, 47.42314972667548], [9.392851194311763, 47.4231537515133], [9.392874224672395, 47.42315768606044], [9.392884774112536, 47.42315945627395], [9.392895330416055, 47.42316120754207], [9.392905893509072, 47.42316293985261], [9.392916463317679, 47.42316465319341], [9.392927039767896, 47.423166347552474], [9.392937622785714, 47.423168022917984], [9.392959981860894, 47.42317149667606], [9.392982369168111, 47.42317488565438], [9.393004784009388, 47.4231781897473], [9.39302722568591, 47.4231814088518], [9.393049693498014, 47.423184542867546], [9.393072186745226, 47.423187591696745], [9.393075777931555, 47.42318802309235], [9.393206472984206, 47.42320371020878], [9.39336047090025, 47.42322448843032], [9.39336453118449, 47.42322495056902], [9.393378816578627, 47.423226903664144], [9.393393116893108, 47.42322880580598], [9.39340743173334, 47.42323065694201], [9.393421760704328, 47.42323245702118], [9.393436103410686, 47.42323420599381], [9.39345045945665, 47.4232359038116], [9.393467189463601, 47.423237816058666], [9.393509825645252, 47.42324236707951], [9.393552560995978, 47.42324646738555], [9.393595385171455, 47.4232501159843], [9.393638287805835, 47.42325331199253], [9.393681258514288, 47.423256054636745], [9.393724286895493, 47.42325834325295], [9.393734141260255, 47.42325863254035], [9.393743993742017, 47.423258949997496], [9.393753844165962, 47.42325929561875], [9.393763692357297, 47.42325966939791], [9.393773538141279, 47.42326007132837], [9.393783381343177, 47.423260501403036], [9.393793327360472, 47.4232609645686], [9.393803270381984, 47.423261456469305], [9.393813210227469, 47.4232619770963], [9.393823146716748, 47.423262526440105], [9.393833079669696, 47.42326310449074], [9.393843008906254, 47.42326371123774], [9.393853666715756, 47.423264394849525], [9.39386431980873, 47.42326511152353], [9.393874967962477, 47.42326586124478], [9.393885610954436, 47.42326664399757], [9.393896248562145, 47.42326745976551], [9.393906880563254, 47.423268308531576], [9.393912548542525, 47.42326881151321], [9.393918215306995, 47.42326932076043], [9.39392388084164, 47.423269836271935], [9.393929545131423, 47.423270358046345], [9.39393520816131, 47.42327088608226], [9.393940869916277, 47.423271420378285], [9.393958563668905, 47.4232731314414], [9.393976244351206, 47.4232749036435], [9.393993911504527, 47.42327673693869], [9.39401156467056, 47.42327863127931], [9.394029203391367, 47.423280586616315], [9.394046827209381, 47.42328260289895], [9.394069126958247, 47.42328523921269], [9.394091401419974, 47.4232879722189], [9.394113649684343, 47.42329080180594], [9.394135870842183, 47.42329372785818], [9.394158063985428, 47.42329675025606], [9.394180228207171, 47.42329986887604], [9.394238299516658, 47.42330979043892], [9.39425609274622, 47.423270532757954], [9.394251128907236, 47.42327001396541], [9.394253797384268, 47.42326456257104], [9.39425923660232, 47.42325344842368], [9.394275470528761, 47.42322028103668], [9.394235035946659, 47.42320111812338], [9.394142886987876, 47.42319098148052], [9.393983134170524, 47.42317883073249], [9.393920405502623, 47.42317449034836], [9.393875108691471, 47.42317135568304], [9.393718278534017, 47.42315868368443], [9.39369326970509, 47.42315666321707], [9.393107918653172, 47.423094220376576], [9.392740117512746, 47.42303265760253], [9.39273398161688, 47.42303162774718], [9.392698632395982, 47.423066107784344], [9.392696437054747, 47.42306824527044], [9.39269395266747, 47.4230702316814], [9.39269120166927, 47.42307204907904], [9.392688208902925, 47.423073681051356], [9.392685001394472, 47.42307511286095], [9.392681608109195, 47.42307633157784], [9.392678059690017, 47.42307732619652], [9.392674388180833, 47.423078087735085], [9.392671681812498, 47.423078485651416], [9.392668941736437, 47.42307875727483], [9.392666180732773, 47.423078901338464], [9.392663411679228, 47.42307891717038], [9.392660647491082, 47.42307880469667], [9.392657901060906, 47.423078564442015], [9.39263977624797, 47.423075236159555], [9.39245334597329, 47.42303201555302], [9.392433175239452, 47.42302733900571], [9.392212970929174, 47.42297576679692], [9.392121619403905, 47.42295518767223], [9.392117530772166, 47.422953952236526], [9.392064205356787, 47.422937867496586], [9.391969978088097, 47.422888411846266], [9.391949715796162, 47.42287524099552], [9.391938538090901, 47.422861088875706], [9.391901147374709, 47.422781063699155], [9.391615703111729, 47.42270549171504], [9.391553934384214, 47.4226891382761], [9.391521884041373, 47.42268065241158], [9.391381103170701, 47.42281794068861], [9.390974669798775, 47.423137863585765], [9.39091755162038, 47.423182819726094], [9.390876477514453, 47.423215148472345], [9.390739066197462, 47.423273639084584], [9.39063036991137, 47.42331076092519], [9.39053627065796, 47.423322255889595], [9.390417544841762, 47.423316883675476], [9.390230432125481, 47.42330187897407], [9.390130545951456, 47.42329366018447], [9.390083790112802, 47.423288185190536], [9.390083707576132, 47.42328817578802], [9.390081124663697, 47.423287873023426], [9.39006724940081, 47.42334675623983], [9.390150120568327, 47.4233553361901], [9.390377147339766, 47.423374255345955], [9.390499909451954, 47.42338160172527], [9.390523579766676, 47.42338248317798], [9.390547285685425, 47.42338247554102], [9.39057095475641, 47.4233815788377], [9.390594514640418, 47.42337979580854], [9.390617893331978, 47.423377131902996], [9.390641019379432, 47.423373595262724], [9.390657283991755, 47.423370552782316], [9.390673359665758, 47.42336707845021], [9.39068922151652, 47.42336317764464], [9.39070484499015, 47.4233588564039], [9.390720205901784, 47.42335412141731], [9.390735280473, 47.423348980014524]]], ""type"": ""Polygon""}";19;Dreilindenstrasse;2019-05-09
47.41113461836493,9.363058054063632;"{""coordinates"": [[[9.363008396591342, 47.41141932613526], [9.36315772873854, 47.41134350553045], [9.363164860272114, 47.41135013437692], [9.363338948099729, 47.41126326689855], [9.363680811138249, 47.41109313607136], [9.363850287123915, 47.41083996317217], [9.363692094147828, 47.410790482979166], [9.363330284523395, 47.410677312397375], [9.36321762746717, 47.41083189976515], [9.363065981993262, 47.410861938966875], [9.362221409917693, 47.4113046696404], [9.362230330167753, 47.4113115440662], [9.36238994563564, 47.411424010176056], [9.362392977954698, 47.41142452019085], [9.362399326906214, 47.41142640278213], [9.362405362529397, 47.411429150688384], [9.362494192435696, 47.41147898601543], [9.362498817101569, 47.411482042610835], [9.36254760842162, 47.411520381742754], [9.362549180193522, 47.41152169879933], [9.362593925010062, 47.411561682439725], [9.362595767129607, 47.41156347542539], [9.362640386462479, 47.41161087723737], [9.362802219528877, 47.411524136400104], [9.363008396591342, 47.41141932613526]]], ""type"": ""Polygon""}";22;Fähnernstrasse;2020-11-12
47.425107668841555,9.376590627275965;"{""coordinates"": [[[9.377264534935804, 47.42625897764395], [9.37775901843027, 47.42615837434482], [9.379063474184532, 47.42517374504671], [9.379163382014273, 47.42507997574904], [9.379483798067145, 47.42479540479642], [9.379479343596433, 47.4245140040096], [9.379480131820335, 47.42438655931418], [9.379473026567394, 47.42422151436366], [9.379122925441537, 47.424271379074455], [9.378552871667706, 47.4243738329557], [9.377509465878658, 47.42477702882511], [9.376540637962982, 47.4246754289783], [9.375865585591773, 47.42429944145506], [9.374470649240179, 47.423522321978034], [9.374365817442918, 47.42361060960416], [9.374318742200142, 47.42377172184741], [9.374236433954005, 47.42450492151949], [9.374591569569272, 47.42494796027632], [9.374636453873109, 47.42501308324873], [9.374852182402977, 47.425435694473414], [9.37459490843889, 47.425763980608856], [9.374465821029482, 47.42584123052529], [9.374459961475798, 47.425898098715244], [9.374812162425616, 47.425915032745934], [9.374816450773485, 47.425898330247605], [9.374820021512953, 47.425884423393015], [9.37482701436184, 47.425857188870424], [9.374829488339966, 47.425847572088315], [9.374887097865892, 47.42585999241845], [9.374928421630043, 47.425868901505766], [9.374945362519535, 47.42587285518464], [9.374948590923923, 47.425873044009506], [9.374949308347087, 47.42587308597057], [9.374950025770307, 47.4258731279316], [9.374955568739633, 47.425873457913994], [9.374991186169746, 47.42587557820445], [9.37504046918729, 47.42588046546322], [9.37505378675775, 47.42588257825296], [9.3750670625762, 47.42588480877672], [9.375080294382736, 47.42588715665485], [9.375093479924956, 47.42588962148769], [9.375106616958334, 47.42589220285563], [9.375119703246584, 47.42589490031929], [9.375132433697724, 47.42589764777291], [9.37514511215694, 47.42590050380296], [9.375157736613573, 47.42590346795661], [9.37517030506553, 47.42590653976364], [9.375182815519588, 47.42590971873697], [9.375195265991737, 47.42591300437246], [9.375271582825388, 47.42594312361468], [9.37539199323754, 47.425990643316254], [9.37540219510204, 47.42599516960113], [9.375479984504615, 47.426029681479385], [9.37554072692614, 47.42605645022579], [9.37563874651741, 47.426099646781786], [9.37567203548633, 47.42611431689619], [9.375746988835788, 47.426147572490784], [9.375818966950604, 47.42617950678988], [9.375827806569303, 47.426183428792086], [9.3758316397356, 47.42618498873892], [9.37583552839509, 47.42618648409569], [9.375839470184971, 47.42618791395375], [9.375843462710181, 47.426189277444294], [9.37584750354482, 47.426190573738936], [9.375851590233646, 47.426191802049956], [9.375855962823634, 47.42619303151937], [9.375860382045035, 47.4261941816447], [9.37586484477219, 47.42619525161254], [9.375869347848687, 47.4261962406661], [9.375873888089567, 47.42619714810582], [9.375878462283586, 47.426197973289895], [9.376120939799462, 47.42622672003167], [9.376137547693897, 47.426165580680454], [9.376266898208623, 47.42618176296097], [9.376289579660975, 47.426183892807686], [9.376294158056501, 47.4261843828478], [9.376292690619453, 47.426190687245864], [9.376299380592936, 47.4261915323463], [9.376371796926838, 47.42620067985725], [9.376383318905823, 47.426202134893934], [9.376383364117245, 47.4262021386343], [9.37646016504143, 47.4262061608487], [9.376460364746109, 47.42620545574653], [9.376466613717273, 47.42620631362982], [9.37646669664185, 47.42620604233413], [9.376467268982617, 47.42620610471219], [9.376467165124565, 47.42620652930519], [9.376466826569477, 47.42620815441339], [9.376468620436402, 47.426208267384645], [9.37647022789583, 47.42620835829033], [9.376537127270675, 47.426212537480005], [9.376592286874065, 47.42621597961768], [9.37664803900985, 47.42621945587746], [9.376650235380463, 47.42621959088625], [9.376651338350323, 47.426219662358946], [9.37665329157033, 47.42621978255178], [9.376653038430348, 47.426222296915604], [9.376871073759515, 47.42622756174413], [9.37687999061646, 47.42622777747202], [9.376890966785016, 47.42622804143335], [9.37690347958597, 47.42622834439971], [9.376965630898356, 47.426229812152066], [9.37697984125421, 47.42623013162352], [9.376981433468396, 47.42623016789707], [9.376981594150216, 47.42622693533551], [9.3769837037438, 47.426226980925314], [9.376983753769375, 47.42622617037039], [9.37702566433988, 47.42622736667802], [9.377092770390513, 47.4262292829733], [9.377129259666546, 47.42623032455983], [9.377129859241078, 47.42622855022203], [9.377264534935804, 47.42625897764395]]], ""type"": ""Polygon""}";1b;Mittlere Altstadt;2017-06-30
47.42651031393878,9.38447791261159;"{""coordinates"": [[[9.384693428702011, 47.426159792233534], [9.384565050199697, 47.42609071670702], [9.384328715165363, 47.42596429521703], [9.384171956141872, 47.425880420388374], [9.38418944255754, 47.42586591097115], [9.384157646487655, 47.42584873140774], [9.384006162831193, 47.42576734965486], [9.383999287867734, 47.425743200836905], [9.383999484932987, 47.425727192098236], [9.383907545175639, 47.4258254919369], [9.383913086052711, 47.42582293353231], [9.383919609911358, 47.42582187905192], [9.383926260482053, 47.425822477861196], [9.383932172622686, 47.42582463656007], [9.384124368796693, 47.42592775325552], [9.384327586064606, 47.42603676597532], [9.3845076287427, 47.42613341098763], [9.384518602839455, 47.426140216779544], [9.38452674611883, 47.42614864468482], [9.384530979742959, 47.426156382680816], [9.38453278963195, 47.426164548350854], [9.384531976159293, 47.42617275819104], [9.384528872957782, 47.42618070968733], [9.384524110934391, 47.426187528517964], [9.384517680683697, 47.42619368267784], [9.38436696803018, 47.42634232021554], [9.384139161777911, 47.426567118226124], [9.384129431471544, 47.426574029669595], [9.384117458912971, 47.426579080519275], [9.384103876891144, 47.42658181027938], [9.38408974338818, 47.42658214715896], [9.384075779132463, 47.426580222975495], [9.384062989108768, 47.426575966830896], [9.384048652242749, 47.42656820095607], [9.38400183665405, 47.426543087024704], [9.384001190616008, 47.4265435477422], [9.383946926548745, 47.42651414170655], [9.383947310885363, 47.426513775362906], [9.3839005083131, 47.42648865217566], [9.38383947134646, 47.4264545737595], [9.38366659891958, 47.42636149575864], [9.383636819145854, 47.42634471396828], [9.383601699557996, 47.42632583579775], [9.383479716152682, 47.426260133247176], [9.383415586162613, 47.42622556685152], [9.38341388782689, 47.42622262646611], [9.383415624458546, 47.42621935837281], [9.3833297735528, 47.42628878328283], [9.383333802222063, 47.42628692511791], [9.383338055151063, 47.426287213428914], [9.383391613694444, 47.426315830894694], [9.383585859763, 47.42641951677698], [9.383664481489303, 47.42646208931367], [9.383690870894227, 47.426476427029584], [9.383988899467683, 47.42663781682224], [9.384140108791115, 47.42672685956317], [9.384316452237389, 47.42682235258016], [9.384451758151119, 47.42689556727449], [9.384567130325433, 47.426958051306215], [9.384682417355997, 47.42702037471613], [9.38481765770021, 47.42709358110138], [9.385000221019132, 47.427192324195005], [9.384981950608926, 47.427236518581445], [9.385184659316801, 47.42714004107227], [9.385172520406126, 47.42714525677523], [9.385158982550267, 47.427148471744076], [9.385144946061775, 47.427149652821484], [9.385130883650973, 47.42714867508655], [9.385117119323994, 47.42714533515135], [9.385104857379185, 47.42713993662048], [9.384990608221846, 47.427078099967495], [9.384828041783013, 47.42698997830421], [9.384669101042743, 47.42690382865953], [9.384510260566941, 47.426817506174004], [9.384349682502725, 47.42673042100554], [9.384226764630265, 47.42666423112921], [9.384219033409254, 47.426658009495036], [9.384213022190753, 47.4266509671814], [9.38420923184428, 47.4266441124022], [9.384207073909476, 47.42663694224288], [9.384206921567673, 47.42662987327373], [9.384208548591875, 47.42662288231253], [9.384212300554822, 47.4266156306579], [9.384217983439507, 47.426608976277535], [9.38433488281485, 47.4264927661251], [9.384455424945603, 47.4263728597773], [9.384478245943376, 47.42635123395363], [9.384570369701855, 47.42626014606229], [9.384609151220525, 47.42622216507925], [9.384635638027397, 47.426217769470654], [9.384658615228938, 47.426218912042394], [9.384679143862979, 47.4262252420464], [9.384785274411012, 47.426281925544096], [9.384980798759635, 47.42638641531216], [9.385224634989344, 47.42651665878898], [9.385476429158725, 47.426651311129625], [9.385740701730207, 47.426794344714864], [9.385803033918714, 47.42675506687093], [9.385644928474836, 47.42666966920768], [9.385493574204645, 47.42658760340776], [9.385115593268, 47.42638583656193], [9.38483419443967, 47.426235514634335], [9.384693428702011, 47.426159792233534]]], ""type"": ""Polygon""}";8;Linsenbühl;2003-12-31
47.42321912119577,9.376847122200225;"{""coordinates"": [[[9.37738299613236, 47.42223668510544], [9.377457422922435, 47.42215129785513], [9.377466795007372, 47.42215383967368], [9.37755398729398, 47.42203751391663], [9.37763851577846, 47.42207260490115], [9.377664955448344, 47.42208187787633], [9.37771251515784, 47.42210977983251], [9.377722713438603, 47.42211680619582], [9.3777809708317, 47.42207447009392], [9.377846181633087, 47.422027599820794], [9.377829545226097, 47.422018513260795], [9.377910879393745, 47.42196155681634], [9.378003787612261, 47.42189481542357], [9.377999456912375, 47.421892018103726], [9.378054300821741, 47.42185206032799], [9.378194287260778, 47.421751267282], [9.377867357110638, 47.421625300836766], [9.377841402065023, 47.42161549795956], [9.377792197469244, 47.421600291237155], [9.377757782117214, 47.42160132757311], [9.377723174947485, 47.42160655965341], [9.377629775481818, 47.42162924246058], [9.377574398488651, 47.421641102796045], [9.377517716108251, 47.421649152344784], [9.377454883710763, 47.4216561354554], [9.377397946987081, 47.42166084238106], [9.377341842866544, 47.42166402383835], [9.377291369797772, 47.421664942559396], [9.377242633795573, 47.42166369086614], [9.37718416372921, 47.421660875045724], [9.377127262417586, 47.42165527084564], [9.377043476266959, 47.421645997022466], [9.376852261260211, 47.421623257341025], [9.376645476335382, 47.42160031962092], [9.376617950927711, 47.42159835207896], [9.376492522936724, 47.421583505384326], [9.376409771641026, 47.42157971082998], [9.376328410173562, 47.42158641923236], [9.376164825879266, 47.42160858625146], [9.376070238082942, 47.42161757650532], [9.375966940340996, 47.42161890343069], [9.375823688617315, 47.4216074947193], [9.37572547304861, 47.42160094496036], [9.375627274697186, 47.42159668902716], [9.37550774461437, 47.42164264210305], [9.375366594674604, 47.42163871896665], [9.375318427460703, 47.421647632369755], [9.375285188867185, 47.42166607514821], [9.37526306241573, 47.421691169302306], [9.375253407444795, 47.421720561873826], [9.375252167716138, 47.421751342883994], [9.375156761362538, 47.421844241734135], [9.375322821857285, 47.421911598316996], [9.375130335006064, 47.422241202739805], [9.37485964835907, 47.42270470354469], [9.374470649240179, 47.423522321978034], [9.375865585591773, 47.42429944145506], [9.376540637962982, 47.4246754289783], [9.377509465878658, 47.42477702882511], [9.378552871667706, 47.4243738329557], [9.379122925441537, 47.424271379074455], [9.379473026567394, 47.42422151436366], [9.379472151774106, 47.42420479490297], [9.379462496694082, 47.42411015717816], [9.379442219591771, 47.42401615667516], [9.379434368635614, 47.42398990074278], [9.379410949651746, 47.423913712791425], [9.379378170494546, 47.423820048184325], [9.379337746258727, 47.423734492163554], [9.379284312179928, 47.423650252214934], [9.37927930609671, 47.423643480674905], [9.379121715174163, 47.423465829911684], [9.379121986933377, 47.423451466364476], [9.379113186374022, 47.42343806486981], [9.379069500702869, 47.42338993646498], [9.378970383821779, 47.42328494293654], [9.378904791968717, 47.42322136579945], [9.378833683315468, 47.42316282052201], [9.378746158668301, 47.42310160882483], [9.378647768578265, 47.42303252727831], [9.378540016845584, 47.422972464703236], [9.37844241856237, 47.422921822249165], [9.377961551280544, 47.42267268175791], [9.377780262927661, 47.42257866581908], [9.377318090150213, 47.4223392585179], [9.377315142465333, 47.42233112082983], [9.377312456508886, 47.422315610326486], [9.37738299613236, 47.42223668510544]]], ""type"": ""Polygon""}";1a;Südliche Altstadt;2003-09-30
47.41734604147519,9.382777963842065;"{""coordinates"": [[[9.38359354270203, 47.41762845201378], [9.383628440048541, 47.4175641306754], [9.383670289336768, 47.41756869123196], [9.383689561305113, 47.41749755233526], [9.38369163258037, 47.41748981073633], [9.383696258694464, 47.41747114242187], [9.383700380245653, 47.41745241972647], [9.383703995851581, 47.41743364893219], [9.38370710429966, 47.41741483633705], [9.383709704547481, 47.417395988253126], [9.383711795723132, 47.41737711100434], [9.383713490487857, 47.41734998548637], [9.383713304788849, 47.417322835881336], [9.383711239039553, 47.41729572221242], [9.383707297809838, 47.41726870442335], [9.383701489815946, 47.417241842245744], [9.383693827901109, 47.4172151950671], [9.383686006902648, 47.417192979515136], [9.38367699340468, 47.417170973100745], [9.383666799482912, 47.41714920530312], [9.383655438794278, 47.4171277052818], [9.383642926558625, 47.41710650183756], [9.383629279538319, 47.41708562337392], [9.383610412671814, 47.41706093425644], [9.383588517783929, 47.417037424896385], [9.383563753835329, 47.417015265971514], [9.383536300615349, 47.416994618355375], [9.383506357436715, 47.416975631949164], [9.383474141688481, 47.41695844459361], [9.3833873007647, 47.41691781424178], [9.383121835742163, 47.41680502535303], [9.383493256556267, 47.41663331539111], [9.383371115678528, 47.41653144984938], [9.383836474128893, 47.41624324399229], [9.38368900847143, 47.416135499181905], [9.383618134579745, 47.416173239361385], [9.383291816024698, 47.41619526794782], [9.383238076289327, 47.41620178154325], [9.383184574778726, 47.41620914342196], [9.383131340552302, 47.416217349585295], [9.383078402524337, 47.41622639557611], [9.383025789448267, 47.41623627648106], [9.382973529901081, 47.4162469869333], [9.382826284921789, 47.416265622929814], [9.382809338723579, 47.41637505830704], [9.382731292376878, 47.416368139293326], [9.382723112422761, 47.41641491678516], [9.38220590152851, 47.41637280312669], [9.382180649965923, 47.41659388548638], [9.382143854964294, 47.416711184976705], [9.382116796553621, 47.41670706067015], [9.38208040575471, 47.4168027608105], [9.382051529884352, 47.41684325561616], [9.382044358552314, 47.41685377662727], [9.382204162358839, 47.416883909464715], [9.382162227357869, 47.416972613334416], [9.382392088609038, 47.41706564336987], [9.382346479963054, 47.41710491723863], [9.382191576075156, 47.41717452260154], [9.382113033710123, 47.4172099598285], [9.382081392140712, 47.41722553479799], [9.38201014155271, 47.41727081785886], [9.381909890815889, 47.417345216663826], [9.381875788982144, 47.41738744572758], [9.381866308453194, 47.41750210848289], [9.381860957771709, 47.41769904124259], [9.3818382360111, 47.417815546095404], [9.381834796096848, 47.41783351673323], [9.381802309576834, 47.41801336817395], [9.381783893015992, 47.418042614535636], [9.381727331265433, 47.4180829000263], [9.381720096568197, 47.41808805993423], [9.381688402048878, 47.418118252902175], [9.382120907877887, 47.418244001008105], [9.382345699277877, 47.41830875828795], [9.382661671732645, 47.418399898510884], [9.383004809489984, 47.41849995554366], [9.38359354270203, 47.41762845201378]]], ""type"": ""Polygon""}";16;Hebelstrasse;2020-09-18
47.41889882457737,9.370348632379606;"{""coordinates"": [[[9.370827750677705, 47.41913828082816], [9.370892535340472, 47.419064997863764], [9.370802206847392, 47.41902864321856], [9.370765022531456, 47.419013679720265], [9.370686326512397, 47.41898197708872], [9.370652965080065, 47.41896854477877], [9.370640292680232, 47.418963430519305], [9.370639587836553, 47.41896314810686], [9.370638530489526, 47.41896272224037], [9.370620098778502, 47.41895531380777], [9.370490958571898, 47.41890340719301], [9.370385165563661, 47.41886088521606], [9.37037438521819, 47.41885654991429], [9.370348089485445, 47.41884597555769], [9.370258435466575, 47.41880992231238], [9.370252404982404, 47.4188074968034], [9.370221354095092, 47.41879501090336], [9.370162631461046, 47.418771397799766], [9.370116135436199, 47.4187475919986], [9.370070618884377, 47.41872429342439], [9.37003130000851, 47.418704155300055], [9.370027510107212, 47.41870221504712], [9.369991366885461, 47.41868370984047], [9.369959862413197, 47.41868374516506], [9.369868269149658, 47.41868384996696], [9.36983859917528, 47.41868388338905], [9.369726007345312, 47.41868401152726], [9.369718555065706, 47.41868401100893], [9.369720642024719, 47.41868490280804], [9.369733636249933, 47.41869048862086], [9.369830599542773, 47.41873211601334], [9.370128122892353, 47.41886078247117], [9.370162811996245, 47.41887756655456], [9.370196973192094, 47.418890760713936], [9.370467091851644, 47.41900133290254], [9.37050055297747, 47.419017147763064], [9.370820314329041, 47.419146682268305], [9.370827750677705, 47.41913828082816]]], ""type"": ""Polygon""}";5b;Felsenstrasse (Erweiterung);2019-03-14
